Location,Date,Temperature,Humidity,AirQualityIndex
Woodland Park,2021-04-22,15.5,45,42
Riverside,2021-04-23,17.0,50,38
Lake View,2021-04-24,19.2,55,35
Meadowlands,2021-04-25,21.1,60,29
Greenwood,2021-04-26,22.0,65,25
Woodland Park,2021-04-27,15.7,46,41
Riverside,2021-04-28,17.5,51,37
Lake View,2021-04-29,19.0,56,34
Meadowlands,2021-04-30,21.5,61,28
Greenwood,2021-05-01,22.5,66,24
Woodland Park,2021-05-02,16.0,47,40
Riverside,2021-05-03,17.2,52,36
Lake View,2021-05-04,18.5,57,33
Meadowlands,2021-05-05,21.8,62,27
Greenwood,2021-05-06,23.0,67,23
Woodland Park,2021-05-07,16.5,48,39
Riverside,2021-05-08,17.7,53,35
Lake View,2021-05-09,18.7,58,32
Meadowlands,2021-05-10,22.0,63,26
Greenwood,2021-05-11,23.5,68,22
Woodland Park,2021-05-12,17.0,49,38
Riverside,2021-05-13,18.0,54,34
Lake View,2021-05-14,19.5,59,31
Meadowlands,2021-05-15,22.5,64,25
Greenwood,2021-05-16,24.0,69,21
Woodland Park,2021-05-17,17.5,50,37
Riverside,2021-05-18,18.5,55,33
Lake View,2021-05-19,20.0,60,30
Meadowlands,2021-05-20,23.0,65,24
Greenwood,2021-05-21,24.5,70,20
Woodland Park,2021-05-22,18.0,51,36
Riverside,2021-05-23,19.0,56,32
Lake View,2021-05-24,20.5,61,29
Meadowlands,2021-05-25,23.5,66,23
Greenwood,2021-05-26,25.0,71,19
Woodland Park,2021-05-27,18.5,52,35
Riverside,2021-05-28,19.5,57,31
Lake View,2021-05-29,21.0,62,28
Meadowlands,2021-05-30,24.0,67,22
Greenwood,2021-05-31,25.5,72,18
Woodland Park,2021-06-01,19.0,53,34
Riverside,2021-06-02,20.0,58,30
Lake View,2021-06-03,21.5,63,27
Meadowlands,2021-06-04,24.5,68,21
Greenwood,2021-06-05,26.0,73,17
Woodland Park,2021-06-06,19.5,54,33
Riverside,2021-06-07,20.5,59,29
Lake View,2021-06-08,22.0,64,26
Meadowlands,2021-06-09,25.0,69,20
Greenwood,2021-06-10,26.5,74,16
Woodland Park,2021-06-11,20.0,55,32
Riverside,2021-06-12,21.0,60,28
Lake View,2021-06-13,22.5,65,25
Meadowlands,2021-06-14,25.5,70,19
Greenwood,2021-06-15,27.0,75,15
Woodland Park,2021-06-16,20.5,56,31
Riverside,2021-06-17,21.5,61,27
Lake View,2021-06-18,23.0,66,24
Meadowlands,2021-06-19,26.0,71,18
Greenwood,2021-06-20,27.5,76,14
Woodland Park,2021-06-21,21.0,57,30
Riverside,2021-06-22,22.0,62,26
Lake View,2021-06-23,23.5,67,23
Meadowlands,2021-06-24,26.5,72,17
Greenwood,2021-06-25,28.0,77,13
Woodland Park,2021-06-26,21.5,58,29
Riverside,2021-06-27,22.5,63,25
Lake View,2021-06-28,24.0,68,22
Meadowlands,2021-06-29,27.0,73,16
Greenwood,2021-06-30,28.5,78,12
Woodland Park,2021-07-01,22.0,59,28
Riverside,2021-07-02,23.0,64,24
Lake View,2021-07-03,24.5,69,21
Meadowlands,2021-07-04,27.5,74,15
Greenwood,2021-07-05,29.0,79,11
Woodland Park,2021-07-06,22.5,60,27
Riverside,2021-07-07,23.5,65,23
Lake View,2021-07-08,25.0,70,20
Meadowlands,2021-07-09,28.0,75,14
Greenwood,2021-07-10,29.5,80,10
Woodland Park,2021-07-11,23.0,61,26
Riverside,2021-07-12,24.0,66,22
Lake View,2021-07-13,25.5,71,19
Meadowlands,2021-07-14,28.5,76,13
Greenwood,2021-07-15,30.0,81,9
Woodland Park,2021-07-16,23.5,62,25
Riverside,2021-07-17,24.5,67,21
Lake View,2021-07-18,26.0,72,18
Meadowlands,2021-07-19,29.0,77,12
Greenwood,2021-07-20,30.5,82,8
Woodland Park,2021-07-21,24.0,63,24
Riverside,2021-07-22,25.0,68,20
Lake View,2021-07-23,26.5,73,17
Meadowlands,2021-07-24,29.5,78,11
Greenwood,2021-07-25,31.0,83,7
Woodland Park,2021-07-26,24.5,64,23
Riverside,2021-07-27,25.5,69,19
Lake View,2021-07-28,27.0,74,16
Meadowlands,2021-07-29,30.0,79,10
Greenwood,2021-07-30,31.5,84,6
Woodland Park,2021-07-31,25.0,65,22
Riverside,2021-08-01,26.0,70,18
Lake View,2021-08-02,27.5,75,15
Meadowlands,2021-08-03,30.5,80,9
Greenwood,2021-08-04,32.0,85,5
Woodland Park,2021-08-05,25.5,66,21
Riverside,2021-08-06,26.5,71,17
Lake View,2021-08-07,28.0,76,14
Meadowlands,2021-08-08,31.0,81,8
Greenwood,2021-08-09,32.5,86,4
Woodland Park,2021-08-10,26.0,67,20
Riverside,2021-08-11,27.0,72,16
Lake View,2021-08-12,28.5,77,13
Meadowlands,2021-08-13,31.5,82,7
Greenwood,2021-08-14,33.0,87,3
Woodland Park,2021-08-15,26.5,68,19
Riverside,2021-08-16,27.5,73,15
Lake View,2021-08-17,29.0,78,12
Meadowlands,2021-08-18,32.0,83,6
Greenwood,2021-08-19,33.5,88,2
Woodland Park,2021-08-20,27.0,69,18
Riverside,2021-08-21,28.0,74,14
Lake View,2021-08-22,29.5,79,11
Meadowlands,2021-08-23,32.5,84,5
Greenwood,2021-08-24,34.0,89,1
Woodland Park,2021-08-25,27.5,70,17
Riverside,2021-08-26,28.5,75,13
Lake View,2021-08-27,30.0,80,10
Meadowlands,2021-08-28,33.0,85,4
Greenwood,2021-08-29,34.5,90,0
Woodland Park,2021-08-30,28.0,71,16
Riverside,2021-08-31,29.0,76,12
Lake View,2021-09-01,30.5,81,9
Meadowlands,2021-09-02,33.5,86,3
Greenwood,2021-09-03,35.0,91,-1
Woodland Park,2021-09-04,28.5,72,15
Riverside,2021-09-05,29.5,77,11
Lake View,2021-09-06,31.0,82,8
Meadowlands,2021-09-07,34.0,87,2
Greenwood,2021-09-08,35.5,92,-2
Woodland Park,2021-09-09,29.0,73,14
Riverside,2021-09-10,30.0,78,10
Lake View,2021-09-11,31.5,83,7
Meadowlands,2021-09-12,34.5,88,1
Greenwood,2021-09-13,36.0,93,-3
Woodland Park,2021-09-14,29.5,74,13
Riverside,2021-09-15,30.5,79,9
Lake View,2021-09-16,32.0,84,6
Meadowlands,2021-09-17,35.0,89,0
Greenwood,2021-09-18,36.5,94,-4
Woodland Park,2021-09-19,30.0,75,12
Riverside,2021-09-20,31.0,80,8
Lake View,2021-09-21,32.5,85,5
Meadowlands,2021-09-22,35.5,90,-1
Greenwood,2021-09-23,37.0,95,-5
Woodland Park,2021-09-24,30.5,76,11
Riverside,2021-09-25,31.5,81,7
Lake View,2021-09-26,33.0,86,4
Meadowlands,2021-09-27,36.0,91,0
Greenwood,2021-09-28,37.5,96,-6
Woodland Park,2021-09-29,31.0,77,10
Riverside,2021-09-30,32.0,82,6
Lake View,2021-10-01,33.5,87,3
Meadowlands,2021-10-02,36.5,92,-2
Greenwood,2021-10-03,38.0,97,-7
Woodland Park,2021-10-04,31.5,78,9
Riverside,2021-10-05,32.5,83,5
Lake View,2021-10-06,34.0,88,2
Meadowlands,2021-10-07,37.0,93,-1
Greenwood,2021-10-08,38.5,98,-8
Woodland Park,2021-10-09,32.0,79,8
Riverside,2021-10-10,33.0,84,4
Lake View,2021-10-11,34.5,89,1
Meadowlands,2021-10-12,37.5,94,0
Greenwood,2021-10-13,39.0,99,-9
Woodland Park,2021-10-14,32.5,80,7
Riverside,2021-10-15,33.5,85,3
Lake View,2021-10-16,35.0,90,0
Meadowlands,2021-10-17,38.0,95,-1
Greenwood,2021-10-18,39.5,100,-10
Woodland Park,2021-10-19,33.0,81,6
Riverside,2021-10-20,34.0,86,2
Lake View,2021-10-21,35.5,91,-1
Meadowlands,2021-10-22,38.5,96,-2
Greenwood,2021-10-23,40.0,101,-11
Woodland Park,2021-10-24,33.5,82,5
Riverside,2021-10-25,34.5,87,1
Lake View,2021-10-26,36.0,92,-2
Meadowlands,2021-10-27,39.0,97,-3
Greenwood,2021-10-28,40.5,102,-12
Woodland Park,2021-10-29,34.0,83,4
Riverside,2021-10-30,35.0,88,0
Lake View,2021-10-31,36.5,93,-3
Meadowlands,2021-11-01,39.5,98,-4
Greenwood,2021-11-02,41.0,103,-13
Woodland Park,2021-11-03,34.5,84,3
Riverside,2021-11-04,35.5,89,-1
Lake View,2021-11-05,37.0,94,-4
Meadowlands,2021-11-06,40.0,99,-5
Greenwood,2021-11-07,41.5,104,-14
Woodland Park,2021-11-08,35.0,85,2
Riverside,2021-11-09,36.0,90,-2
Lake View,2021-11-10,37.5,95,-5
Meadowlands,2021-11-11,40.5,100,-6
Greenwood,2021-11-12,42.0,105,-15
Woodland Park,2021-11-13,35.5,86,1
Riverside,2021-11-14,36.5,91,-3
Lake View,2021-11-15,38.0,96,-6
Meadowlands,2021-11-16,41.0,101,-7
Greenwood,2021-11-17,42.5,106,-16
Woodland Park,2021-11-18,36.0,87,0
Riverside,2021-11-19,37.0,92,-4
Lake View,2021-11-20,38.5,97,-7
Meadowlands,2021-11-21,41.5,102,-8
Greenwood,2021-11-22,43.0,107,-17
Woodland Park,2021-11-23,36.5,88,-1
Riverside,2021-11-24,37.5,93,-5
Lake View,2021-11-25,39.0,98,-8
Meadowlands,2021-11-26,42.0,103,-9
Greenwood,2021-11-27,43.5,108,-18
Woodland Park,2021-11-28,37.0,89,-2
Riverside,2021-11-29,38.0,94,-6
Lake View,2021-11-30,39.5,99,-9
Meadowlands,2021-12-01,42.5,104,-10
Greenwood,2021-12-02,44.0,109,-19
Woodland Park,2021-12-03,37.5,90,-3
Riverside,2021-12-04,38.5,95,-7
Lake View,2021-12-05,40.0,100,-10
Meadowlands,2021-12-06,43.0,105,-11
Greenwood,2021-12-07,44.5,110,-20
Woodland Park,2021-12-08,38.0,91,-4
Riverside,2021-12-09,39.0,96,-8
Lake View,2021-12-10,40.5,101,-11
Meadowlands,2021-12-11,43.5,106,-12
Greenwood,2021-12-12,45.0,111,-21
Woodland Park,2021-12-13,38.5,92,-5
Riverside,2021-12-14,39.5,97,-9
Lake View,2021-12-15,41.0,102,-12
Meadowlands,2021-12-16,44.0,107,-13
Greenwood,2021-12-17,45.5,112,-22
Woodland Park,2021-12-18,39.0,93,-6
Riverside,2021-12-19,40.0,98,-10
Lake View,2021-12-20,41.5,103,-13
Meadowlands,2021-12-21,44.5,108,-14
Greenwood,2021-12-22,46.0,113,-23
Woodland Park,2021-12-23,39.5,94,-7
Riverside,2021-12-24,40.5,99,-11
Lake View,2021-12-25,42.0,104,-14
Meadowlands,2021-12-26,45.0,109,-15
Greenwood,2021-12-27,46.5,114,-24
Woodland Park,2021-12-28,40.0,95,-8
Riverside,2021-12-29,41.0,100,-12
Lake View,2021-12-30,42.5,105,-15
Meadowlands,2021-12-31,45.5,110,-16
Greenwood,2022-01-01,47.0,115,-25
Woodland Park,2022-01-02,40.5,96,-9
Riverside,2022-01-03,41.5,101,-13
Lake View,2022-01-04,43.0,106,-16
Meadowlands,2022-01-05,46.0,111,-17
Greenwood,2022-01-06,47.5,116,-26
Woodland Park,2022-01-07,41.0,97,-10
Riverside,2022-01-08,42.0,102,-14
Lake View,2022-01-09,43.5,107,-17
Meadowlands,2022-01-10,46.5,112,-18
Greenwood,2022-01-11,48.0,117,-27
Woodland Park,2022-01-12,41.5,98,-11
Riverside,2022-01-13,42.5,103,-15
Lake View,2022-01-14,44.0,108,-18
Meadowlands,2022-01-15,47.0,113,-19
Greenwood,2022-01-16,48.5,118,-28
Woodland Park,2022-01-17,42.0,99,-12
Riverside,2022-01-18,43.0,104,-16
Lake View,2022-01-19,44.5,109,-19
Meadowlands,2022-01-20,47.5,114,-20
Greenwood,2022-01-21,49.0,119,-29
Woodland Park,2022-01-22,42.5,100,-13
Riverside,2022-01-23,43.5,105,-17
Lake View,2022-01-24,45.0,110,-20
Meadowlands,2022-01-25,48.0,115,-21
Greenwood,2022-01-26,49.5,120,-30
Woodland Park,2022-01-27,43.0,101,-14
Riverside,2022-01-28,44.0,106,-18
Lake View,2022-01-29,45.5,111,-21
Meadowlands,2022-01-30,48.5,116,-22
Greenwood,2022-01-31,50.0,121,-31
Woodland Park,2022-02-01,43.5,102,-15
Riverside,2022-02-02,44.5,107,-19
Lake View,2022-02-03,46.0,112,-22
Meadowlands,2022-02-04,49.0,117,-23
Greenwood,2022-02-05,50.5,122,-32
Woodland Park,2022-02-06,44.0,103,-16
Riverside,2022-02-07,45.0,108,-20
Lake View,2022-02-08,46.5,113,-23
Meadowlands,2022-02-09,49.5,118,-24
Greenwood,2022-02-10,51.0,123,-33
Woodland Park,2022-02-11,44.5,104,-17
Riverside,2022-02-12,45.5,109,-21
Lake View,2022-02-13,47.0,114,-24
Meadowlands,2022-02-14,50.0,119,-25
Greenwood,2022-02-15,51.5,124,-34
Woodland Park,2022-02-16,45.0,105,-18
Riverside,2022-02-17,46.0,110,-22
Lake View,2022-02-18,47.5,115,-25
Meadowlands,2022-02-19,50.5,120,-26
Greenwood,2022-02-20,52.0,125,-35
Woodland Park,2022-02-21,45.5,106,-19
Riverside,2022-02-22,46.5,111,-23
Lake View,2022-02-23,48.0,116,-26
Meadowlands,2022-02-24,51.0,121,-27
Greenwood,2022-02-25,52.5,126,-36
Woodland Park,2022-02-26,46.0,107,-20
Riverside,2022-02-27,47.0,112,-24
Lake View,2022-02-28,48.5,117,-27
Meadowlands,2022-03-01,51.5,122,-28
Greenwood,2022-03-02,53.0,127,-37
Woodland Park,2022-03-03,46.5,108,-21
Riverside,2022-03-04,47.5,113,-25
Lake View,2022-03-05,49.0,118,-28
Meadowlands,2022-03-06,52.0,123,-29
Greenwood,2022-03-07,53.5,128,-38
Woodland Park,2022-03-08,47.0,109,-22
Riverside,2022-03-09,48.0,114,-26
Lake View,2022-03-10,49.5,119,-29
Meadowlands,2022-03-11,52.5,124,-30
Greenwood,2022-03-12,54.0,129,-39
Woodland Park,2022-03-13,47.5,110,-23
Riverside,2022-03-14,48.5,115,-27
Lake View,2022-03-15,50.0,120,-30
Meadowlands,2022-03-16,53.0,125,-31
Greenwood,2022-03-17,54.5,130,-40
Woodland Park,2022-03-18,48.0,111,-24
Riverside,2022-03-19,49.0,116,-28
Lake View,2022-03-20,50.5,121,-31
Meadowlands,2022-03-21,53.5,126,-32
Greenwood,2022-03-22,55.0,131,-41
Woodland Park,2022-03-23,48.5,112,-25
Riverside,2022-03-24,49.5,117,-29
Lake View,2022-03-25,51.0,122,-32
Meadowlands,2022-03-26,54.0,127,-33
Greenwood,2022-03-27,55.5,132,-42
Woodland Park,2022-03-28,49.0,113,-26
Riverside,2022-03-29,50.0,118,-30
Lake View,2022-03-30,51.5,123,-33
Meadowlands,2022-03-31,54.5,128,-34
Greenwood,2022-04-01,56.0,133,-43
Woodland Park,2022-04-02,49.5,114,-27
Riverside,2022-04-03,50.5,119,-31
Lake View,2022-04-04,52.0,124,-34
Meadowlands,2022-04-05,55.0,129,-35
Greenwood,2022-04-06,56.5,134,-44
Woodland Park,2022-04-07,50.0,115,-28
Riverside,2022-04-08,51.0,120,-32
Lake View,2022-04-09,52.5,125,-35
Meadowlands,2022-04-10,55.5,130,-36
Greenwood,2022-04-11,57.0,135,-45
Woodland Park,2022-04-12,50.5,116,-29
Riverside,2022-04-13,51.5,121,-33
Lake View,2022-04-14,53.0,126,-36
Meadowlands,2022-04-15,56.0,131,-37
Greenwood,2022-04-16,57.5,136,-46
Woodland Park,2022-04-17,51.0,117,-30
Riverside,2022-04-18,52.0,122,-34
Lake View,2022-04-19,53.5,127,-37
Meadowlands,2022-04-20,56.5,132,-38
Greenwood,2022-04-21,58.0,137,-47
Woodland Park,2022-04-22,51.5,118,-31
Riverside,2022-04-23,52.5,123,-35
Lake View,2022-04-24,54.0,128,-38
Meadowlands,2022-04-25,57.0,133,-39
Greenwood,2022-04-26,58.5,138,-48
Woodland Park,2022-04-27,52.0,119,-32
Riverside,2022-04-28,53.0,124,-36
Lake View,2022-04-29,54.5,129,-39
Meadowlands,2022-04-30,57.5,134,-40
Greenwood,2022-05-01,59.0,139,-49
Woodland Park,2022-05-02,52.5,120,-33
Riverside,2022-05-03,53.5,125,-37
Lake View,2022-05-04,55.0,130,-40
Meadowlands,2022-05-05,58.0,135,-41
Greenwood,2022-05-06,59.5,140,-50
Woodland Park,2022-05-07,53.0,121,-34
Riverside,2022-05-08,54.0,126,-38
Lake View,2022-05-09,55.5,131,-41
Meadowlands,2022-05-10,58.5,136,-42
Greenwood,2022-05-11,60.0,141,-51
Woodland Park,2022-05-12,53.5,122,-35
Riverside,2022-05-13,54.5,127,-39
Lake View,2022-05-14,56.0,132,-42
Meadowlands,2022-05-15,59.0,137,-43
Greenwood,2022-05-16,60.5,142,-52
Woodland Park,2022-05-17,54.0,123,-36
Riverside,2022-05-18,55.0,128,-40
Lake View,2022-05-19,56.5,133,-43
Meadowlands,2022-05-20,59.5,138,-44
Greenwood,2022-05-21,61.0,143,-53
Woodland Park,2022-05-22,54.5,124,-37
Riverside,2022-05-23,55.5,129,-41
Lake View,2022-05-24,57.0,134,-44
Meadowlands,2022-05-25,60.0,139,-45
Greenwood,2022-05-26,61.5,144,-54
Woodland Park,2022-05-27,55.0,125,-38
Riverside,2022-05-28,56.0,130,-42
Lake View,2022-05-29,57.5,135,-45
Meadowlands,2022-05-30,60.5,140,-46
Greenwood,2022-05-31,62.0,145,-55
Woodland Park,2022-06-01,55.5,126,-39
Riverside,2022-06-02,56.5,131,-43
Lake View,2022-06-03,58.0,136,-46
Meadowlands,2022-06-04,61.0,141,-47
Greenwood,2022-06-05,62.5,146,-56
Woodland Park,2022-06-06,56.0,127,-40
Riverside,2022-06-07,57.0,132,-44
Lake View,2022-06-08,58.5,137,-47
Meadowlands,2022-06-09,61.5,142,-48
Greenwood,2022-06-10,63.0,147,-57
Woodland Park,2022-06-11,56.5,128,-41
Riverside,2022-06-12,57.5,133,-45
Lake View,2022-06-13,59.0,138,-48
Meadowlands,2022-06-14,62.0,143,-49
Greenwood,2022-06-15,63.5,148,-58
Woodland Park,2022-06-16,57.0,129,-42
Riverside,2022-06-17,58.0,134,-46
Lake View,2022-06-18,59.5,139,-49
Meadowlands,2022-06-19,62.5,144,-50
Greenwood,2022-06-20,64.0,149,-59
Woodland Park,2022-06-21,57.5,130,-43
Riverside,2022-06-22,58.5,135,-47
Lake View,2022-06-23,60.0,140,-50
Meadowlands,2022-06-24,63.0,145,-51
Greenwood,2022-06-25,64.5,150,-60
Woodland Park,2022-06-26,58.0,131,-44
Riverside,2022-06-27,59.0,136,-48
Lake View,2022-06-28,60.5,141,-51
Meadowlands,2022-06-29,63.5,146,-52
Greenwood,2022-06-30,65.0,151,-61
Woodland Park,2022-07-01,58.5,132,-45
Riverside,2022-07-02,59.5,137,-49
Lake View,2022-07-03,61.0,142,-52
Meadowlands,2022-07-04,64.0,147,-53
Greenwood,2022-07-05,65.5,152,-62
Woodland Park,2022-07-06,59.0,133,-46
Riverside,2022-07-07,60.0,138,-50
Lake View,2022-07-08,61.5,143,-53
Meadowlands,2022-07-09,64.5,148,-54
Greenwood,2022-07-10,66.0,153,-63
Woodland Park,2022-07-11,59.5,134,-47
Riverside,2022-07-12,60.5,139,-51
Lake View,2022-07-13,62.0,144,-54
Meadowlands,2022-07-14,65.0,149,-55
Greenwood,2022-07-15,66.5,154,-64
Woodland Park,2022-07-16,60.0,135,-48
Riverside,2022-07-17,61.0,140,-52
Lake View,2022-07-18,62.5,145,-55
Meadowlands,2022-07-19,65.5,150,-56
Greenwood,2022-07-20,67.0,155,-65
Woodland Park,2022-07-21,60.5,136,-49
Riverside,2022-07-22,61.5,141,-53
Lake View,2022-07-23,63.0,146,-56
Meadowlands,2022-07-24,66.0,151,-57
Greenwood,2022-07-25,67.5,156,-66
Woodland Park,2022-07-26,61.0,137,-50
Riverside,2022-07-27,62.0,142,-54
Lake View,2022-07-28,63.5,147,-57
Meadowlands,2022-07-29,66.5,152,-58
Greenwood,2022-07-30,68.0,157,-67
Woodland Park,2022-07-31,61.5,138,-51
Riverside,2022-08-01,62.5,143,-55
Lake View,2022-08-02,64.0,148,-58
Meadowlands,2022-08-03,67.0,153,-59
Greenwood,2022-08-04,68.5,158,-68
Woodland Park,2022-08-05,62.0,139,-52
Riverside,2022-08-06,63.0,144,-56
Lake View,2022-08-07,64.5,149,-59
Meadowlands,2022-08-08,67.5,154,-60
Greenwood,2022-08-09,69.0,159,-69
Woodland Park,2022-08-10,62.5,140,-53
Riverside,2022-08-11,63.5,145,-57
Lake View,2022-08-12,65.0,150,-60
Meadowlands,2022-08-13,68.0,155,-61
Greenwood,2022-08-14,69.5,160,-70
Woodland Park,2022-08-15,63.0,141,-54
Riverside,2022-08-16,64.0,146,-58
Lake View,2022-08-17,65.5,151,-61
Meadowlands,2022-08-18,68.5,156,-62
Greenwood,2022-08-19,70.0,161,-71
Woodland Park,2022-08-20,63.5,142,-55
Riverside,2022-08-21,64.5,147,-59
Lake View,2022-08-22,66.0,152,-62
Meadowlands,2022-08-23,69.0,157,-63
Greenwood,2022-08-24,70.5,162,-72
Woodland Park,2022-08-25,64.0,143,-56
Riverside,2022-08-26,65.0,148,-60
Lake View,2022-08-27,66.5,153,-63
Meadowlands,2022-08-28,69.5,158,-64
Greenwood,2022-08-29,71.0,163,-73
Woodland Park,2022-08-30,64.5,144,-57
Riverside,2022-08-31,65.5,149,-61
Lake View,2022-09-01,67.0,154,-64
Meadowlands,2022-09-02,70.0,159,-65
Greenwood,2022-09-03,71.5,164,-74
Woodland Park,2022-09-04,65.0,145,-58
Riverside,2022-09-05,66.0,150,-62
Lake View,2022-09-06,67.5,155,-65
Meadowlands,2022-09-07,70.5,160,-66
Greenwood,2022-09-08,72.0,165,-75
Woodland Park,2022-09-09,65.5,146,-59
Riverside,2022-09-10,66.5,151,-63
Lake View,2022-09-11,68.0,156,-66
Meadowlands,2022-09-12,71.0,161,-67
Greenwood,2022-09-13,72.5,166,-76
Woodland Park,2022-09-14,66.0,147,-60
Riverside,2022-09-15,67.0,152,-64
Lake View,2022-09-16,68.5,157,-67
Meadowlands,2022-09-17,71.5,162,-68
Greenwood,2022-09-18,73.0,167,-77
Woodland Park,2022-09-19,66.5,148,-61
Riverside,2022-09-20,67.5,153,-65
Lake View,2022-09-21,69.0,158,-68
Meadowlands,2022-09-22,72.0,163,-69
Greenwood,2022-09-23,73.5,168,-78
Woodland Park,2022-09-24,67.0,149,-62
Riverside,2022-09-25,68.0,154,-66
Lake View,2022-09-26,69.5,159,-69
Meadowlands,2022-09-27,72.5,164,-70
Greenwood,2022-09-28,74.0,169,-79
Woodland Park,2022-09-29,67.5,150,-63
Riverside,2022-09-30,68.5,155,-67
Lake View,2022-10-01,70.0,160,-70
Meadowlands,2022-10-02,73.0,165,-71
Greenwood,2022-10-03,74.5,170,-80
Woodland Park,2022-10-04,68.0,151,-64
Riverside,2022-10-05,69.0,156,-68
Lake View,2022-10-06,70.5,161,-71
Meadowlands,2022-10-07,73.5,166,-72
Greenwood,2022-10-08,75.0,171,-81
Woodland Park,2022-10-09,68.5,152,-65
Riverside,2022-10-10,69.5,157,-69
Lake View,2022-10-11,71.0,162,-72
Meadowlands,2022-10-12,74.0,167,-73
Greenwood,2022-10-13,75.5,172,-82
Woodland Park,2022-10-14,69.0,153,-66
Riverside,2022-10-15,70.0,158,-70
Lake View,2022-10-16,71.5,163,-73
Meadowlands,2022-10-17,74.5,168,-74
Greenwood,2022-10-18,76.0,173,-83
Woodland Park,2022-10-19,69.5,154,-67
Riverside,2022-10-20,70.5,159,-71
Lake View,2022-10-21,72.0,164,-74
Meadowlands,2022-10-22,75.0,169,-75
Greenwood,2022-10-23,76.5,174,-84
Woodland Park,2022-10-24,70.0,155,-68
Riverside,2022-10-25,71.0,160,-72
Lake View,2022-10-26,72.5,165,-75
Meadowlands,2022-10-27,75.5,170,-76
Greenwood,2022-10-28,77.0,175,-85
Woodland Park,2022-10-29,70.5,156,-69
Riverside,2022-10-30,71.5,161,-73
Lake View,2022-10-31,73.0,166,-76
Meadowlands,2022-11-01,76.0,171,-77
Greenwood,2022-11-02,77.5,176,-86
Woodland Park,2022-11-03,71.0,157,-70
Riverside,2022-11-04,72.0,162,-74
Lake View,2022-11-05,73.5,167,-77
Meadowlands,2022-11-06,76.5,172,-78
Greenwood,2022-11-07,78.0,177,-87
Woodland Park,2022-11-08,71.5,158,-71
Riverside,2022-11-09,72.5,163,-75
Lake View,2022-11-10,74.0,168,-78
Meadowlands,2022-11-11,77.0,173,-79
Greenwood,2022-11-12,78.5,178,-88
Woodland Park,2022-11-13,72.0,159,-72
Riverside,2022-11-14,73.0,164,-76
Lake View,2022-11-15,74.5,169,-79
Meadowlands,2022-11-16,77.5,174,-80
Greenwood,2022-11-17,79.0,179,-89
Woodland Park,2022-11-18,72.5,160,-73
Riverside,2022-11-19,73.5,165,-77
Lake View,2022-11-20,75.0,170,-80
Meadowlands,2022-11-21,78.0,175,-81
Greenwood,2022-11-22,79.5,180,-90
Woodland Park,2022-11-23,73.0,161,-74
Riverside,2022-11-24,74.0,166,-78
Lake View,2022-11-25,75.5,171,-81
Meadowlands,2022-11-26,78.5,176,-82
Greenwood,2022-11-27,80.0,181,-91
Woodland Park,2022-11-28,73.5,162,-75
Riverside,2022-11-29,74.5,167,-79
Lake View,2022-11-30,76.0,172,-82
Meadowlands,2022-12-01,79.0,177,-83
Greenwood,2022-12-02,80.5,182,-92
Woodland Park,2022-12-03,74.0,163,-76
Riverside,2022-12-04,75.0,168,-80
Lake View,2022-12-05,76.5,173,-83
Meadowlands,2022-12-06,79.5,178,-84
Greenwood,2022-12-07,81.0,183,-93
Woodland Park,2022-12-08,74.5,164,-77
Riverside,2022-12-09,75.5,169,-81
Lake View,2022-12-10,77.0,174,-84
Meadowlands,2022-12-11,80.0,179,-85
Greenwood,2022-12-12,81.5,184,-94
Woodland Park,2022-12-13,75.0,165,-78
Riverside,2022-12-14,76.0,170,-82
Lake View,2022-12-15,77.5,175,-85
Meadowlands,2022-12-16,80.5,180,-86
Greenwood,2022-12-17,82.0,185,-95
Woodland Park,2022-12-18,75.5,166,-79
Riverside,2022-12-19,76.5,171,-83
Lake View,2022-12-20,78.0,176,-86
Meadowlands,2022-12-21,81.0,181,-87
Greenwood,2022-12-22,82.5,186,-96
Woodland Park,2022-12-23,76.0,167,-80
Riverside,2022-12-24,77.0,172,-84
Lake View,2022-12-25,78.5,177,-87
Meadowlands,2022-12-26,81.5,182,-88
Greenwood,2022-12-27,83.0,187,-97
Woodland Park,2022-12-28,76.5,168,-81
Riverside,2022-12-29,77.5,173,-85
Lake View,2022-12-30,79.0,178,-88
Meadowlands,2022-12-31,82.0,183,-89
Greenwood,2023-01-01,83.5,188,-98
Woodland Park,2023-01-02,77.0,169,-82
Riverside,2023-01-03,78.0,174,-86
Lake View,2023-01-04,79.5,179,-89
Meadowlands,2023-01-05,82.5,184,-90
Greenwood,2023-01-06,84.0,189,-99
Woodland Park,2023-01-07,77.5,170,-83
Riverside,2023-01-08,78.5,175,-87
Lake View,2023-01-09,80.0,180,-90
Meadowlands,2023-01-10,83.0,185,-91
Greenwood,2023-01-11,84.5,190,-100
Woodland Park,2023-01-12,78.0,171,-84
Riverside,2023-01-13,79.0,176,-88
Lake View,2023-01-14,80.5,181,-91
Meadowlands,2023-01-15,83.5,186,-92
Greenwood,2023-01-16,85.0,191,-101
Woodland Park,2023-01-17,78.5,172,-85
Riverside,2023-01-18,79.5,177,-89
Lake View,2023-01-19,81.0,182,-92
Meadowlands,2023-01-20,84.0,187,-93
Greenwood,2023-01-21,85.5,192,-102
Woodland Park,2023-01-22,79.0,173,-86
Riverside,2023-01-23,80.0,178,-90
Lake View,2023-01-24,81.5,183,-93
Meadowlands,2023-01-25,84.5,188,-94
Greenwood,2023-01-26,86.0,193,-103
Woodland Park,2023-01-27,79.5,174,-87
Riverside,2023-01-28,80.5,179,-91
Lake View,2023-01-29,82.0,184,-94
Meadowlands,2023-01-30,85.0,189,-95
Greenwood,2023-01-31,86.5,194,-104
Woodland Park,2023-02-01,80.0,175,-88
Riverside,2023-02-02,81.0,180,-92
Lake View,2023-02-03,82.5,185,-95
Meadowlands,2023-02-04,85.5,190,-96
Greenwood,2023-02-05,87.0,195,-105
Woodland Park,2023-02-06,80.5,176,-89
Riverside,2023-02-07,81.5,181,-93
Lake View,2023-02-08,83.0,186,-96
Meadowlands,2023-02-09,86.0,191,-97
Greenwood,2023-02-10,87.5,196,-106
Woodland Park,2023-02-11,81.0,177,-90
Riverside,2023-02-12,82.0,182,-94
Lake View,2023-02-13,83.5,187,-97
Meadowlands,2023-02-14,86.5,192,-98
Greenwood,2023-02-15,88.0,197,-107
Woodland Park,2023-02-16,81.5,178,-91
Riverside,2023-02-17,82.5,183,-95
Lake View,2023-02-18,84.0,188,-98
Meadowlands,2023-02-19,87.0,193,-99
Greenwood,2023-02-20,88.5,198,-108
Woodland Park,2023-02-21,82.0,179,-92
Riverside,2023-02-22,83.0,184,-96
Lake View,2023-02-23,84.5,189,-99
Meadowlands,2023-02-24,87.5,194,-100
Greenwood,2023-02-25,89.0,199,-109
Woodland Park,2023-02-26,82.5,180,-93
Riverside,2023-02-27,83.5,185,-97
Lake View,2023-02-28,85.0,190,-100
Meadowlands,2023-03-01,88.0,195,-101
Greenwood,2023-03-02,89.5,200,-110
Woodland Park,2023-03-03,83.0,181,-94
Riverside,2023-03-04,84.0,186,-98
Lake View,2023-03-05,85.5,191,-101
Meadowlands,2023-03-06,88.5,196,-102
Greenwood,2023-03-07,90.0,201,-111
Woodland Park,2023-03-08,83.5,182,-95
Riverside,2023-03-09,84.5,187,-99
Lake View,2023-03-10,86.0,192,-102
Meadowlands,2023-03-11,89.0,197,-103
Greenwood,2023-03-12,90.5,202,-112
Woodland Park,2023-03-13,84.0,183,-96
Riverside,2023-03-14,85.0,188,-100
Lake View,2023-03-15,86.5,193,-103
Meadowlands,2023-03-16,89.5,198,-104
Greenwood,2023-03-17,91.0,203,-113
Woodland Park,2023-03-18,84.5,184,-97
Riverside,2023-03-19,85.5,189,-101
Lake View,2023-03-20,87.0,194,-104
Meadowlands,2023-03-21,90.0,199,-105
Greenwood,2023-03-22,91.5,204,-114
Woodland Park,2023-03-23,85.0,185,-98
Riverside,2023-03-24,86.0,190,-102
Lake View,2023-03-25,87.5,195,-105
Meadowlands,2023-03-26,90.5,200,-106
Greenwood,2023-03-27,92.0,205,-115
Woodland Park,2023-03-28,85.5,186,-99
Riverside,2023-03-29,86.5,191,-103
Lake View,2023-03-30,88.0,196,-106
Meadowlands,2023-03-31,91.0,201,-107
Greenwood,2023-04-01,92.5,206,-116
Woodland Park,2023-04-02,86.0,187,-100
Riverside,2023-04-03,87.0,192,-104
Lake View,2023-04-04,88.5,197,-107
Meadowlands,2023-04-05,91.5,202,-108
Greenwood,2023-04-06,93.0,207,-117
Woodland Park,2023-04-07,86.5,188,-101
Riverside,2023-04-08,87.5,193,-105
Lake View,2023-04-09,89.0,198,-108
Meadowlands,2023-04-10,92.0,203,-109
Greenwood,2023-04-11,93.5,208,-118
Woodland Park,2023-04-12,87.0,189,-102
Riverside,2023-04-13,88.0,194,-106
Lake View,2023-04-14,89.5,199,-109
Meadowlands,2023-04-15,92.5,204,-110
Greenwood,2023-04-16,94.0,209,-119
Woodland Park,2023-04-17,87.5,190,-103
Riverside,2023-04-18,88.5,195,-107
Lake View,2023-04-19,90.0,200,-110
Meadowlands,2023-04-20,93.0,205,-111
Greenwood,2023-04-21,94.5,210,-120
Woodland Park,2023-04-22,88.0,191,-104
Riverside,2023-04-23,89.0,196,-108
Lake View,2023-04-24,90.5,201,-111
Meadowlands,2023-04-25,93.5,206,-112
Greenwood,2023-04-26,95.0,211,-121
Woodland Park,2023-04-27,88.5,192,-105
Riverside,2023-04-28,89.5,197,-109
Lake View,2023-04-29,91.0,202,-112
Meadowlands,2023-04-30,94.0,207,-113
Greenwood,2023-05-01,95.5,212,-122
Woodland Park,2023-05-02,89.0,193,-106
Riverside,2023-05-03,90.0,198,-110
Lake View,2023-05-04,91.5,203,-113
Meadowlands,2023-05-05,94.5,208,-114
Greenwood,2023-05-06,96.0,213,-123
Woodland Park,2023-05-07,89.5,194,-107
Riverside,2023-05-08,90.5,199,-111
Lake View,2023-05-09,92.0,204,-114
Meadowlands,2023-05-10,95.0,209,-115
Greenwood,2023-05-11,96.5,214,-124
Woodland Park,2023-05-12,90.0,195,-108
Riverside,2023-05-13,91.0,200,-112
Lake View,2023-05-14,92.5,205,-115
Meadowlands,2023-05-15,95.5,210,-116
Greenwood,2023-05-16,97.0,215,-125
Woodland Park,2023-05-17,90.5,196,-109
Riverside,2023-05-18,91.5,201,-113
Lake View,2023-05-19,93.0,206,-116
Meadowlands,2023-05-20,96.0,211,-117
Greenwood,2023-05-21,97.5,216,-126
Woodland Park,2023-05-22,91.0,197,-110
Riverside,2023-05-23,92.0,202,-114
Lake View,2023-05-24,93.5,207,-117
Meadowlands,2023-05-25,96.5,212,-118
Greenwood,2023-05-26,98.0,217,-127
Woodland Park,2023-05-27,91.5,198,-111
Riverside,2023-05-28,92.5,203,-115
Lake View,2023-05-29,94.0,208,-118
Meadowlands,2023-05-30,97.0,213,-119
Greenwood,2023-05-31,98.5,218,-128
Woodland Park,2023-06-01,92.0,199,-112
Riverside,2023-06-02,93.0,204,-116
Lake View,2023-06-03,94.5,209,-119
Meadowlands,2023-06-04,97.5,214,-120
Greenwood,2023-06-05,99.0,219,-129
Woodland Park,2023-06-06,92.5,200,-113
Riverside,2023-06-07,93.5,205,-117
Lake View,2023-06-08,95.0,210,-120
Meadowlands,2023-06-09,98.0,215,-121
Greenwood,2023-06-10,99.5,220,-130
Woodland Park,2023-06-11,93.0,201,-114
Riverside,2023-06-12,94.0,206,-118
Lake View,2023-06-13,95.5,211,-121
Meadowlands,2023-06-14,98.5,216,-122
Greenwood,2023-06-15,100.0,221,-131
Woodland Park,2023-06-16,93.5,202,-115
Riverside,2023-06-17,94.5,207,-119
Lake View,2023-06-18,96.0,212,-122
Meadowlands,2023-06-19,99.0,217,-123
Greenwood,2023-06-20,100.5,222,-132
Woodland Park,2023-06-21,94.0,203,-116
Riverside,2023-06-22,95.0,208,-120
Lake View,2023-06-23,96.5,213,-123
Meadowlands,2023-06-24,99.5,218,-124
Greenwood,2023-06-25,101.0,223,-133
Woodland Park,2023-06-26,94.5,204,-117
Riverside,2023-06-27,95.5,209,-121
Lake View,2023-06-28,97.0,214,-124
Meadowlands,2023-06-29,100.0,219,-125
Greenwood,2023-06-30,101.5,224,-134
Woodland Park,2023-07-01,95.0,205,-118
Riverside,2023-07-02,96.0,210,-122
Lake View,2023-07-03,97.5,215,-125
Meadowlands,2023-07-04,100.5,220,-126
Greenwood,2023-07-05,102.0,225,-135
Woodland Park,2023-07-06,95.5,206,-119
Riverside,2023-07-07,96.5,211,-123
Lake View,2023-07-08,98.0,216,-126
Meadowlands,2023-07-09,101.0,221,-127
Greenwood,2023-07-10,102.5,226,-136
Woodland Park,2023-07-11,96.0,207,-120
Riverside,2023-07-12,97.0,212,-124
Lake View,2023-07-13,98.5,217,-127
Meadowlands,2023-07-14,101.5,222,-128
Greenwood,2023-07-15,103.0,227,-137
Woodland Park,2023-07-16,96.5,208,-121
Riverside,2023-07-17,97.5,213,-125
Lake View,2023-07-18,99.0,218,-128
Meadowlands,2023-07-19,102.0,223,-129
Greenwood,2023-07-20,103.5,228,-138
Woodland Park,2023-07-21,97.0,209,-122
Riverside,2023-07-22,98.0,214,-126
Lake View,2023-07-23,99.5,219,-129
Meadowlands,2023-07-24,102.5,224,-130
Greenwood,2023-07-25,104.0,229,-139
Woodland Park,2023-07-26,97.5,210,-123
Riverside,2023-07-27,98.5,215,-127
Lake View,2023-07-28,100.0,220,-130
Meadowlands,2023-07-29,103.0,225,-131
Greenwood,2023-07-30,104.5,230,-140
Woodland Park,2023-07-31,98.0,211,-124
Riverside,2023-08-01,99.0,216,-128
Lake View,2023-08-02,100.5,221,-131
Meadowlands,2023-08-03,103.5,226,-132
Greenwood,2023-08-04,105.0,231,-141
Woodland Park,2023-08-05,98.5,212,-125
Riverside,2023-08-06,99.5,217,-129
Lake View,2023-08-07,101.0,222,-132
Meadowlands,2023-08-08,104.0,227,-133
Greenwood,2023-08-09,105.5,232,-142
Woodland Park,2023-08-10,99.0,213,-126
Riverside,2023-08-11,100.0,218,-130
Lake View,2023-08-12,101.5,223,-133
Meadowlands,2023-08-13,104.5,228,-134
Greenwood,2023-08-14,106.0,233,-143
Woodland Park,2023-08-15,99.5,214,-127
Riverside,2023-08-16,100.5,219,-131
Lake View,2023-08-17,102.0,224,-134
Meadowlands,2023-08-18,105.0,229,-135
Greenwood,2023-08-19,106.5,234,-144
Woodland Park,2023-08-20,100.0,215,-128
Riverside,2023-08-21,101.0,220,-132
Lake View,2023-08-22,102.5,225,-135
Meadowlands,2023-08-23,105.5,230,-136
Greenwood,2023-08-24,107.0,235,-145
Woodland Park,2023-08-25,100.5,216,-129
Riverside,2023-08-26,101.5,221,-133
Lake View,2023-08-27,103.0,226,-136
Meadowlands,2023-08-28,106.0,231,-137
Greenwood,2023-08-29,107.5,236,-146
Woodland Park,2023-08-30,101.0,217,-130
Riverside,2023-08-31,102.0,222,-134
Lake View,2023-09-01,103.5,227,-137
Meadowlands,2023-09-02,106.5,232,-138
Greenwood,2023-09-03,108.0,237,-147
Woodland Park,2023-09-04,101.5,218,-131
Riverside,2023-09-05,102.5,223,-135
Lake View,2023-09-06,104.0,228,-138
Meadowlands,2023-09-07,107.0,233,-139
Greenwood,2023-09-08,108.5,238,-148
Woodland Park,2023-09-09,102.0,219,-132
Riverside,2023-09-10,103.0,224,-136
Lake View,2023-09-11,104.5,229,-139
Meadowlands,2023-09-12,107.5,234,-140
Greenwood,2023-09-13,109.0,239,-149
Woodland Park,2023-09-14,102.5,220,-133
Riverside,2023-09-15,103.5,225,-137
Lake View,2023-09-16,105.0,230,-140
Meadowlands,2023-09-17,108.0,235,-141
Greenwood,2023-09-18,109.5,240,-150
Woodland Park,2023-09-19,103.0,221,-134
Riverside,2023-09-20,104.0,226,-138
Lake View,2023-09-21,105.5,231,-141
Meadowlands,2023-09-22,108.5,236,-142
Greenwood,2023-09-23,110.0,241,-151
Woodland Park,2023-09-24,103.5,222,-135
Riverside,2023-09-25,104.5,227,-139
Lake View,2023-09-26,106.0,232,-142
Meadowlands,2023-09-27,109.0,237,-143
Greenwood,2023-09-28,110.5,242,-152
Woodland Park,2023-09-29,104.0,223,-136
Riverside,2023-09-30,105.0,228,-140
Lake View,2023-10-01,106.5,233,-143
Meadowlands,2023-10-02,109.5,238,-144
Greenwood,2023-10-03,111.0,243,-153
Woodland Park,2023-10-04,104.5,224,-137
Riverside,2023-10-05,105.5,229,-141
Lake View,2023-10-06,107.0,234,-144
Meadowlands,2023-10-07,110.0,239,-145
Greenwood,2023-10-08,111.5,244,-154
Woodland Park,2023-10-09,105.0,225,-138
Riverside,2023-10-10,106.0,230,-142
Lake View,2023-10-11,107.5,235,-145
Meadowlands,2023-10-12,110.5,240,-146
Greenwood,2023-10-13,112.0,245,-155
Woodland Park,2023-10-14,105.5,226,-139
Riverside,2023-10-15,106.5,231,-143
Lake View,2023-10-16,108.0,236,-146
Meadowlands,2023-10-17,111.0,241,-147
Greenwood,2023-10-18,112.5,246,-156
Woodland Park,2023-10-19,106.0,227,-140
Riverside,2023-10-20,107.0,232,-144
Lake View,2023-10-21,108.5,237,-147
Meadowlands,2023-10-22,111.5,242,-148
Greenwood,2023-10-23,113.0,247,-157
Woodland Park,2023-10-24,106.5,228,-141
Riverside,2023-10-25,107.5,233,-145
Lake View,2023-10-26,109.0,238,-148
Meadowlands,2023-10-27,112.0,243,-149
Greenwood,2023-10-28,113.5,248,-158
Woodland Park,2023-10-29,107.0,229,-142
Riverside,2023-10-30,108.0,234,-146
Lake View,2023-10-31,109.5,239,-149
Meadowlands,2023-11-01,112.5,244,-150
Greenwood,2023-11-02,114.0,249,-159
Woodland Park,2023-11-03,107.5,230,-143
Riverside,2023-11-04,108.5,235,-147
Lake View,2023-11-05,110.0,240,-150
Meadowlands,2023-11-06,113.0,245,-151
Greenwood,2023-11-07,114.5,250,-160
Woodland Park,2023-11-08,108.0,231,-144
Riverside,2023-11-09,109.0,236,-148
Lake View,2023-11-10,110.5,241,-151
Meadowlands,2023-11-11,113.5,246,-152
Greenwood,2023-11-12,115.0,251,-161
Woodland Park,2023-11-13,108.5,232,-145
Riverside,2023-11-14,109.5,237,-149
Lake View,2023-11-15,111.0,242,-152
Meadowlands,2023-11-16,114.0,247,-153
Greenwood,2023-11-17,115.5,252,-162
Woodland Park,2023-11-18,109.0,233,-146
Riverside,2023-11-19,110.0,238,-150
Lake View,2023-11-20,111.5,243,-153
Meadowlands,2023-11-21,114.5,248,-154
Greenwood,2023-11-22,116.0,253,-163
Woodland Park,2023-11-23,109.5,234,-147
Riverside,2023-11-24,110.5,239,-151
Lake View,2023-11-25,112.0,244,-154
Meadowlands,2023-11-26,115.0,249,-155
Greenwood,2023-11-27,116.5,254,-164
Woodland Park,2023-11-28,110.0,235,-148
Riverside,2023-11-29,111.0,240,-152
Lake View,2023-11-30,112.5,245,-155
Meadowlands,2023-12-01,115.5,250,-156
Greenwood,2023-12-02,117.0,255,-165
Woodland Park,2023-12-03,110.5,236,-149
Riverside,2023-12-04,111.5,241,-153
Lake View,2023-12-05,113.0,246,-156
Meadowlands,2023-12-06,116.0,251,-157
Greenwood,2023-12-07,117.5,256,-166
Woodland Park,2023-12-08,111.0,237,-150
Riverside,2023-12-09,112.0,242,-154
Lake View,2023-12-10,113.5,247,-157
Meadowlands,2023-12-11,116.5,252,-158
Greenwood,2023-12-12,118.0,257,-167
Woodland Park,2023-12-13,111.5,238,-151
Riverside,2023-12-14,112.5,243,-155
Lake View,2023-12-15,114.0,248,-158
Meadowlands,2023-12-16,117.0,253,-159
Greenwood,2023-12-17,118.5,258,-168
Woodland Park,2023-12-18,112.0,239,-152
Riverside,2023-12-19,113.0,244,-156
Lake View,2023-12-20,114.5,249,-159
Meadowlands,2023-12-21,117.5,254,-160
Greenwood,2023-12-22,119.0,259,-169
Woodland Park,2023-12-23,112.5,240,-153
Riverside,2023-12-24,113.5,245,-157
Lake View,2023-12-25,115.0,250,-160
Meadowlands,2023-12-26,118.0,255,-161
Greenwood,2023-12-27,119.5,260,-170
Woodland Park,2023-12-28,113.0,241,-154
Riverside,2023-12-29,114.0,246,-158
Lake View,2023-12-30,115.5,251,-161
Meadowlands,2023-12-31,118.5,256,-162
Greenwood,2024-01-01,120.0,261,-171
Woodland Park,2024-01-02,113.5,242,-155
Riverside,2024-01-03,114.5,247,-159
Lake View,2024-01-04,116.0,252,-162
Meadowlands,2024-01-05,119.0,257,-163
Greenwood,2024-01-06,120.5,262,-172
Woodland Park,2024-01-07,114.0,243,-156
Riverside,2024-01-08,115.0,248,-160
Lake View,2024-01-09,116.5,253,-163
Meadowlands,2024-01-10,119.5,258,-164
Greenwood,2024-01-11,121.0,263,-173
Woodland Park,2024-01-12,114.5,244,-157
Riverside,2024-01-13,115.5,249,-161
Lake View,2024-01-14,117.0,254,-164
Meadowlands,2024-01-15,120.0,259,-165
Greenwood,2024-01-16,121.5,264,-174
Woodland Park,2024-01-17,115.0,245,-158
Riverside,2024-01-18,116.0,250,-162
Lake View,2024-01-19,117.5,255,-165
Meadowlands,2024-01-20,120.5,260,-166
Greenwood,2024-01-21,122.0,265,-175
Woodland Park,2024-01-22,115.5,246,-159
Riverside,2024-01-23,116.5,251,-163
Lake View,2024-01-24,118.0,256,-166
Meadowlands,2024-01-25,121.0,261,-167
Greenwood,2024-01-26,122.5,266,-176
Woodland Park,2024-01-27,116.0,247,-160
Riverside,2024-01-28,117.0,252,-164
Lake View,2024-01-29,118.5,257,-167
Meadowlands,2024-01-30,121.5,262,-168
Greenwood,2024-01-31,123.0,267,-177
Woodland Park,2024-02-01,116.5,248,-161
Riverside,2024-02-02,117.5,253,-165
Lake View,2024-02-03,119.0,258,-168
Meadowlands,2024-02-04,122.0,263,-169
Greenwood,2024-02-05,123.5,268,-178
Woodland Park,2024-02-06,117.0,249,-162
Riverside,2024-02-07,118.0,254,-166
Lake View,2024-02-08,119.5,259,-169
Meadowlands,2024-02-09,122.5,264,-170
Greenwood,2024-02-10,124.0,269,-179
Woodland Park,2024-02-11,117.5,250,-163
Riverside,2024-02-12,118.5,255,-167
Lake View,2024-02-13,120.0,260,-170
Meadowlands,2024-02-14,123.0,265,-171
Greenwood,2024-02-15,124.5,270,-180
Woodland Park,2024-02-16,118.0,251,-164
Riverside,2024-02-17,119.0,256,-168
Lake View,2024-02-18,120.5,261,-171
Meadowlands,2024-02-19,123.5,266,-172
Greenwood,2024-02-20,125.0,271,-181
Woodland Park,2024-02-21,118.5,252,-165
Riverside,2024-02-22,119.5,257,-169
Lake View,2024-02-23,121.0,262,-172
Meadowlands,2024-02-24,124.0,267,-173
Greenwood,2024-02-25,125.5,272,-182
Woodland Park,2024-02-26,119.0,253,-166
Riverside,2024-02-27,120.0,258,-170
Lake View,2024-02-28,121.5,263,-173
Meadowlands,2024-02-29,124.5,268,-174
Greenwood,2024-03-01,126.0,273,-183
Woodland Park,2024-03-02,119.5,254,-167
Riverside,2024-03-03,120.5,259,-171
Lake View,2024-03-04,122.0,264,-174
Meadowlands,2024-03-05,125.0,269,-175
Greenwood,2024-03-06,126.5,274,-184
Woodland Park,2024-03-07,120.0,255,-168
Riverside,2024-03-08,121.0,260,-172
Lake View,2024-03-09,122.5,265,-175
Meadowlands,2024-03-10,125.5,270,-176
Greenwood,2024-03-11,127.0,275,-185
Woodland Park,2024-03-12,120.5,256,-169
Riverside,2024-03-13,121.5,261,-173
Lake View,2024-03-14,123.0,266,-176
Meadowlands,2024-03-15,126.0,271,-177
Greenwood,2024-03-16,127.5,276,-186
Woodland Park,2024-03-17,121.0,257,-170
Riverside,2024-03-18,122.0,262,-174
Lake View,2024-03-19,123.5,267,-177
Meadowlands,2024-03-20,126.5,272,-178
Greenwood,2024-03-21,128.0,277,-187
Woodland Park,2024-03-22,121.5,258,-171
Riverside,2024-03-23,122.5,263,-175
Lake View,2024-03-24,124.0,268,-178
Meadowlands,2024-03-25,127.0,273,-179
Greenwood,2024-03-26,128.5,278,-188
Woodland Park,2024-03-27,122.0,259,-172
Riverside,2024-03-28,123.0,264,-176
Lake View,2024-03-29,124.5,269,-179
Meadowlands,2024-03-30,127.5,274,-180
Greenwood,2024-03-31,129.0,279,-189
Woodland Park,2024-04-01,122.5,260,-173
Riverside,2024-04-02,123.5,265,-177
Lake View,2024-04-03,125.0,270,-180
Meadowlands,2024-04-04,128.0,275,-181
Greenwood,2024-04-05,129.5,280,-190
Woodland Park,2024-04-06,123.0,261,-174
Riverside,2024-04-07,124.0,266,-178
Lake View,2024-04-08,125.5,271,-181
Meadowlands,2024-04-09,128.5,276,-182
Greenwood,2024-04-10,130.0,281,-191
Woodland Park,2024-04-11,123.5,262,-175
Riverside,2024-04-12,124.5,267,-179
Lake View,2024-04-13,126.0,272,-182
Meadowlands,2024-04-14,129.0,277,-183
Greenwood,2024-04-15,130.5,282,-192
Woodland Park,2024-04-16,124.0,263,-176
Riverside,2024-04-17,125.0,268,-180
Lake View,2024-04-18,126.5,273,-183
Meadowlands,2024-04-19,129.5,278,-184
Greenwood,2024-04-20,131.0,283,-193
Woodland Park,2024-04-21,124.5,264,-177
Riverside,2024-04-22,125.5,269,-181
Lake View,2024-04-23,127.0,274,-184
Meadowlands,2024-04-24,130.0,279,-185
Greenwood,2024-04-25,131.5,284,-194
Woodland Park,2024-04-26,125.0,265,-178
Riverside,2024-04-27,126.0,270,-182
Lake View,2024-04-28,127.5,275,-185
Meadowlands,2024-04-29,130.5,280,-186
Greenwood,2024-04-30,132.0,285,-195
